{"analogico_2": 27.62140012254902, "analogico_1": [1.414306640625, 1.414306640625, 1.414306640625, 1.414306640625, 1.414306640625, 1.414306640625, 1.414306640625, 1.412841796875, 1.41357421875, 1.412109375, 1.411376953125, 1.412109375, 1.412841796875, 1.412841796875, 1.41357421875, 1.41357421875, 1.41357421875, 1.414306640625, 1.412841796875, 1.4150390625, 1.415771484375, 1.414306640625, 1.41357421875, 1.412109375, 1.41357421875, 1.414306640625, 1.41650390625, 1.41357421875, 1.4150390625, 1.41357421875, 1.414306640625, 1.414306640625, 1.414306640625, 1.41357421875, 1.41357421875, 1.414306640625, 1.412841796875, 1.412109375, 1.411376953125, 1.414306640625, 1.41357421875, 1.41357421875, 1.412841796875, 1.414306640625, 1.412841796875, 1.41357421875, 1.414306640625, 1.41357421875, 1.414306640625, 1.412109375, 1.414306640625, 1.412109375, 1.41357421875, 1.41357421875, 1.415771484375, 1.4150390625, 1.415771484375, 1.414306640625, 1.414306640625, 1.41357421875, 1.412841796875, 1.414306640625, 1.412841796875, 1.412841796875, 1.412841796875, 1.412841796875, 1.412841796875, 1.412841796875, 1.41357421875, 1.412109375, 1.41357421875, 1.41357421875, 1.412841796875, 1.41357421875, 1.414306640625, 1.412841796875, 1.412841796875, 1.4150390625, 1.412109375, 1.41357421875, 1.412841796875, 1.414306640625, 1.414306640625, 1.4150390625, 1.41357421875, 1.414306640625, 1.414306640625, 1.414306640625, 1.41357421875, 1.41357421875, 1.41357421875, 1.411376953125, 1.412109375, 1.411376953125, 1.412841796875, 1.412109375, 1.41357421875, 1.412841796875, 1.412109375, 1.41357421875, 1.41357421875, 1.41357421875, 1.414306640625, 1.414306640625, 1.4150390625, 1.4150390625, 1.414306640625, 1.41357421875, 1.412109375, 1.41357421875, 1.414306640625, 1.414306640625, 1.414306640625, 1.414306640625, 1.411376953125, 1.4091796875, 1.412841796875, 1.41357421875, 1.41357421875, 1.412841796875, 1.412109375, 1.41064453125, 1.41357421875, 1.412109375, 1.412109375, 1.412841796875, 1.412841796875, 1.41357421875, 1.414306640625, 1.412841796875, 1.414306640625, 1.418701171875, 1.41650390625, 1.415771484375, 1.414306640625, 1.41357421875, 1.41357421875, 1.41357421875, 1.41357421875, 1.414306640625, 1.41357421875, 1.41357421875, 1.41357421875, 1.4150390625, 1.4150390625, 1.41357421875, 1.41357421875, 1.414306640625, 1.412109375, 1.411376953125, 1.412109375, 1.412109375, 1.41357421875, 1.412109375, 1.412109375, 1.412109375, 1.412841796875, 1.412841796875, 1.412841796875, 1.41357421875, 1.412841796875, 1.41357421875, 1.41357421875, 1.41357421875, 1.414306640625, 1.4150390625, 1.412841796875, 1.414306640625, 1.41357421875, 1.414306640625, 1.41357421875, 1.412109375, 1.414306640625, 1.412841796875, 1.414306640625, 1.412841796875, 1.414306640625, 1.411376953125, 1.41064453125, 1.412841796875, 1.41357421875, 1.412109375, 1.412841796875, 1.41357421875, 1.41357421875, 1.412841796875, 1.412841796875, 1.414306640625, 1.412841796875, 1.41357421875, 1.41357421875, 1.412841796875, 1.41357421875, 1.412841796875, 1.414306640625, 1.412109375, 1.4150390625, 1.414306640625, 1.4150390625, 1.41357421875, 1.4150390625, 1.41357421875, 1.41357421875, 1.414306640625, 1.414306640625, 1.41357421875, 1.411376953125, 1.41357421875, 1.412109375, 1.409912109375, 1.414306640625, 1.41357421875, 1.41357421875, 1.412109375, 1.412109375, 1.411376953125, 1.41796875, 1.41357421875, 1.412841796875, 1.41357421875, 1.412841796875, 1.412841796875, 1.414306640625, 1.414306640625, 1.414306640625, 1.414306640625, 1.414306640625, 1.4150390625, 1.41357421875, 1.4150390625, 1.414306640625, 1.414306640625, 1.414306640625, 1.41357421875, 1.414306640625, 1.414306640625, 1.41357421875, 1.411376953125, 1.412841796875, 1.412841796875, 1.412841796875, 1.412109375, 1.409912109375, 1.412841796875, 1.41357421875, 1.412841796875, 1.412109375, 1.414306640625, 1.412841796875, 1.41357421875, 1.412109375, 1.414306640625, 1.412841796875, 1.4150390625, 1.414306640625, 1.412841796875, 1.414306640625, 1.415771484375, 1.4296875, 1.4150390625, 1.414306640625, 1.411376953125, 1.411376953125, 1.414306640625, 1.4150390625, 1.41357421875, 1.412841796875, 1.4150390625, 1.412841796875, 1.412841796875, 1.412109375, 1.4150390625, 1.41357421875, 1.412109375, 1.412841796875, 1.412109375, 1.41357421875, 1.412841796875, 1.41357421875, 1.412841796875, 1.414306640625, 1.414306640625, 1.415771484375, 1.414306640625, 1.414306640625, 1.41650390625, 1.415771484375, 1.4150390625, 1.412841796875, 1.414306640625, 1.412109375, 1.414306640625, 1.412109375, 1.4150390625, 1.414306640625, 1.414306640625, 1.415771484375, 1.41357421875, 1.41357421875, 1.414306640625, 1.411376953125, 1.411376953125, 1.412109375, 1.405517578125, 1.412841796875, 1.414306640625, 1.412109375, 1.412109375, 1.4091796875, 1.412841796875, 1.41357421875, 1.4150390625, 1.41357421875, 1.41357421875, 1.412109375, 1.41357421875, 1.414306640625, 1.412841796875, 1.414306640625, 1.4150390625, 1.414306640625, 1.41357421875, 1.414306640625, 1.41357421875, 1.41357421875, 1.414306640625, 1.4150390625, 1.41357421875, 1.41357421875, 1.41357421875, 1.412841796875, 1.412841796875, 1.412109375, 1.41357421875, 1.409912109375, 1.412109375, 1.41357421875, 1.41357421875, 1.411376953125, 1.412841796875, 1.412841796875, 1.412841796875, 1.41357421875, 1.412841796875, 1.414306640625, 1.41357421875, 1.412841796875, 1.411376953125, 1.4150390625, 1.414306640625, 1.41357421875, 1.414306640625, 1.41357421875, 1.4150390625, 1.414306640625, 1.41357421875, 1.412841796875, 1.412109375, 1.411376953125, 1.41357421875, 1.412109375, 1.411376953125, 1.41357421875, 1.412109375, 1.412109375, 1.411376953125, 1.411376953125, 1.412109375, 1.412841796875, 1.412841796875, 1.412841796875, 1.41357421875, 1.41357421875, 1.414306640625, 1.412109375, 1.415771484375, 1.414306640625, 1.412841796875, 1.41357421875, 1.415771484375, 1.412841796875, 1.414306640625, 1.415771484375, 1.414306640625, 1.41357421875, 1.41357421875, 1.415771484375, 1.414306640625, 1.414306640625, 1.412841796875, 1.412841796875, 1.412841796875, 1.412109375, 1.412109375, 1.411376953125, 1.41357421875, 1.412109375, 1.41357421875, 1.412109375, 1.41357421875, 1.412109375, 1.414306640625, 1.41357421875, 1.412109375, 1.4150390625, 1.41357421875, 1.41357421875, 1.412109375, 1.412841796875, 1.412841796875, 1.41357421875, 1.414306640625, 1.412109375, 1.417236328125, 1.412841796875, 1.415771484375, 1.412841796875, 1.415771484375, 1.412841796875, 1.414306640625, 1.41357421875, 1.412109375, 1.412109375, 1.412109375, 1.41357421875, 1.41357421875, 1.412841796875, 1.41357421875, 1.41357421875, 1.411376953125, 1.41357421875, 1.412109375, 1.412109375, 1.412109375, 1.412841796875, 1.414306640625, 1.412841796875, 1.415771484375, 1.412109375, 1.414306640625, 1.414306640625, 1.414306640625, 1.41357421875, 1.41357421875, 1.41357421875, 1.41357421875, 1.414306640625, 1.414306640625, 1.4150390625, 1.412841796875, 1.4150390625, 1.412841796875, 1.414306640625, 1.41357421875, 1.412841796875, 1.41357421875, 1.411376953125, 1.412841796875, 1.412109375, 1.412109375, 1.412841796875, 1.414306640625, 1.412109375, 1.41357421875, 1.412841796875, 1.4150390625, 1.414306640625, 1.412109375, 1.412841796875, 1.41357421875, 1.414306640625, 1.41357421875, 1.414306640625, 1.41357421875, 1.414306640625, 1.414306640625, 1.414306640625, 1.415771484375, 1.412109375, 1.4150390625, 1.41357421875, 1.415771484375, 1.414306640625, 1.4150390625, 1.414306640625, 1.414306640625, 1.414306640625, 1.412109375, 1.411376953125, 1.411376953125, 1.412841796875, 1.411376953125, 1.412841796875, 1.41357421875, 1.412841796875, 1.41357421875, 1.414306640625, 1.41357421875, 1.412841796875, 1.414306640625, 1.412841796875, 1.414306640625, 1.412109375, 1.414306640625, 1.41357421875, 1.412841796875, 1.414306640625, 1.415771484375, 1.414306640625, 1.41357421875, 1.41650390625, 1.41357421875, 1.414306640625, 1.4150390625, 1.415771484375, 1.41357421875, 1.414306640625, 1.412841796875, 1.412841796875, 1.411376953125, 1.411376953125, 1.411376953125, 1.412841796875, 